user_id,persona,gt_product,gt_category,hit,category_hit,top_rec_pid,top_rec_cat
user_0000,Detail_Reviewer,e0c94afd-eab0-448e-9a94-181580e76933,97,0,0,6db9a9f9-f43a-41a9-9490-75ce3b09613f,101
user_0001,Sensitive_Calming,e0c94afd-eab0-448e-9a94-181580e76933,97,0,1,e31df2d3-0e24-40e0-bb8b-3486005895b6,103
user_0002,Sensitive_Calming,e0c94afd-eab0-448e-9a94-181580e76933,97,0,1,e31df2d3-0e24-40e0-bb8b-3486005895b6,103
user_0003,Detail_Reviewer,a4c30d36-90e1-475b-ab1f-63217c0fe46f,97,0,0,6db9a9f9-f43a-41a9-9490-75ce3b09613f,101
user_0004,Detail_Reviewer,a4c30d36-90e1-475b-ab1f-63217c0fe46f,97,0,0,6db9a9f9-f43a-41a9-9490-75ce3b09613f,101
user_0005,Sensitive_Calming,a4c30d36-90e1-475b-ab1f-63217c0fe46f,97,0,1,e31df2d3-0e24-40e0-bb8b-3486005895b6,103
user_0006,Sensitive_Calming,33ca7f08-be69-4b1c-b92b-0e41e3505b2a,97,0,1,e31df2d3-0e24-40e0-bb8b-3486005895b6,103
user_0007,Sensitive_Calming,33ca7f08-be69-4b1c-b92b-0e41e3505b2a,97,0,1,e31df2d3-0e24-40e0-bb8b-3486005895b6,103
user_0008,Loyal_Repurchase,33ca7f08-be69-4b1c-b92b-0e41e3505b2a,97,0,0,dbbdc7b3-eba9-419b-825d-9cd59e3d3038,101
user_0009,Gift_Buyer,3541d292-5861-42cd-8582-bf2bf2530801,97,0,1,9edbadf6-2b9c-4f55-9a1d-62b2dd12334d,97
user_0010,Loyal_Repurchase,3541d292-5861-42cd-8582-bf2bf2530801,97,0,0,dbbdc7b3-eba9-419b-825d-9cd59e3d3038,101
user_0011,Sensitive_Calming,3541d292-5861-42cd-8582-bf2bf2530801,97,0,1,e31df2d3-0e24-40e0-bb8b-3486005895b6,103
user_0012,Sensitive_Calming,e30b2b7f-6e8f-46db-b77e-2e4e079cd981,97,0,1,e31df2d3-0e24-40e0-bb8b-3486005895b6,103
user_0013,Anti_Aging,e30b2b7f-6e8f-46db-b77e-2e4e079cd981,97,0,0,de98a302-b47b-41e1-9478-13551f6aad27,99
user_0014,Sensitive_Calming,e30b2b7f-6e8f-46db-b77e-2e4e079cd981,97,0,1,e31df2d3-0e24-40e0-bb8b-3486005895b6,103
user_0015,Loyal_Repurchase,9edbadf6-2b9c-4f55-9a1d-62b2dd12334d,97,0,0,dbbdc7b3-eba9-419b-825d-9cd59e3d3038,101
user_0016,Gift_Buyer,9edbadf6-2b9c-4f55-9a1d-62b2dd12334d,97,1,1,9edbadf6-2b9c-4f55-9a1d-62b2dd12334d,97
user_0017,Detail_Reviewer,9edbadf6-2b9c-4f55-9a1d-62b2dd12334d,97,0,0,6db9a9f9-f43a-41a9-9490-75ce3b09613f,101
user_0018,Dry_Winter,0d0e0b1a-d7d8-4118-aed4-84e0959a20af,97,0,0,7d95061d-0d40-4902-a1d4-cc08c0993513,101
user_0019,Detail_Reviewer,0d0e0b1a-d7d8-4118-aed4-84e0959a20af,97,0,0,6db9a9f9-f43a-41a9-9490-75ce3b09613f,101
user_0020,Detail_Reviewer,0d0e0b1a-d7d8-4118-aed4-84e0959a20af,97,0,0,6db9a9f9-f43a-41a9-9490-75ce3b09613f,101
user_0021,Detail_Reviewer,70c44b67-f4e7-455a-8e61-78efe1eebdae,97,0,0,6db9a9f9-f43a-41a9-9490-75ce3b09613f,101
user_0022,Detail_Reviewer,70c44b67-f4e7-455a-8e61-78efe1eebdae,97,0,0,6db9a9f9-f43a-41a9-9490-75ce3b09613f,101
user_0023,Detail_Reviewer,70c44b67-f4e7-455a-8e61-78efe1eebdae,97,0,0,6db9a9f9-f43a-41a9-9490-75ce3b09613f,101
user_0024,Sensitive_Calming,5fc4cdfe-7c86-4dde-921c-6da2cdd81080,97,1,1,e31df2d3-0e24-40e0-bb8b-3486005895b6,103
user_0025,Detail_Reviewer,5fc4cdfe-7c86-4dde-921c-6da2cdd81080,97,0,0,6db9a9f9-f43a-41a9-9490-75ce3b09613f,101
user_0026,Loyal_Repurchase,5fc4cdfe-7c86-4dde-921c-6da2cdd81080,97,0,0,dbbdc7b3-eba9-419b-825d-9cd59e3d3038,101
user_0027,Sensitive_Calming,94cd5427-b52f-423d-8a29-56e27eb56bca,97,0,1,e31df2d3-0e24-40e0-bb8b-3486005895b6,103
user_0028,Loyal_Repurchase,94cd5427-b52f-423d-8a29-56e27eb56bca,97,0,0,dbbdc7b3-eba9-419b-825d-9cd59e3d3038,101
user_0029,Detail_Reviewer,94cd5427-b52f-423d-8a29-56e27eb56bca,97,0,0,6db9a9f9-f43a-41a9-9490-75ce3b09613f,101
user_0030,Dry_Winter,97526fae-0b4d-44c6-8d46-ab31852d1055,97,0,0,7d95061d-0d40-4902-a1d4-cc08c0993513,101
user_0031,Sensitive_Calming,97526fae-0b4d-44c6-8d46-ab31852d1055,97,0,1,e31df2d3-0e24-40e0-bb8b-3486005895b6,103
user_0032,Sensitive_Calming,97526fae-0b4d-44c6-8d46-ab31852d1055,97,0,1,e31df2d3-0e24-40e0-bb8b-3486005895b6,103
user_0033,Sensitive_Calming,06ef33ac-7daa-4559-a2d7-49ce33abdd2b,97,1,1,e31df2d3-0e24-40e0-bb8b-3486005895b6,103
user_0034,Sensitive_Calming,06ef33ac-7daa-4559-a2d7-49ce33abdd2b,97,1,1,e31df2d3-0e24-40e0-bb8b-3486005895b6,103
user_0035,Detail_Reviewer,06ef33ac-7daa-4559-a2d7-49ce33abdd2b,97,0,0,6db9a9f9-f43a-41a9-9490-75ce3b09613f,101
user_0036,Sensitive_Calming,5f2ffc2a-1353-4d34-a6c6-73b6d9ec9e98,97,1,1,e31df2d3-0e24-40e0-bb8b-3486005895b6,103
user_0037,Sensitive_Calming,5f2ffc2a-1353-4d34-a6c6-73b6d9ec9e98,97,1,1,e31df2d3-0e24-40e0-bb8b-3486005895b6,103
user_0038,Sensitive_Calming,5f2ffc2a-1353-4d34-a6c6-73b6d9ec9e98,97,1,1,e31df2d3-0e24-40e0-bb8b-3486005895b6,103
user_0039,Loyal_Repurchase,297273ff-e646-44ad-8da0-74e2abd530bf,97,0,0,dbbdc7b3-eba9-419b-825d-9cd59e3d3038,101
user_0040,Loyal_Repurchase,297273ff-e646-44ad-8da0-74e2abd530bf,97,0,0,dbbdc7b3-eba9-419b-825d-9cd59e3d3038,101
user_0041,Loyal_Repurchase,297273ff-e646-44ad-8da0-74e2abd530bf,97,0,0,dbbdc7b3-eba9-419b-825d-9cd59e3d3038,101
user_0042,Sensitive_Calming,76bf2e4f-1948-40b2-8c65-f97dce1232ea,97,0,1,e31df2d3-0e24-40e0-bb8b-3486005895b6,103
user_0043,Anti_Aging,76bf2e4f-1948-40b2-8c65-f97dce1232ea,97,0,0,de98a302-b47b-41e1-9478-13551f6aad27,99
user_0044,Gift_Buyer,76bf2e4f-1948-40b2-8c65-f97dce1232ea,97,1,1,9edbadf6-2b9c-4f55-9a1d-62b2dd12334d,97
user_0045,Sensitive_Calming,31c27229-6681-4c6d-aa75-481df687862d,97,0,1,e31df2d3-0e24-40e0-bb8b-3486005895b6,103
user_0046,Loyal_Repurchase,31c27229-6681-4c6d-aa75-481df687862d,97,0,0,dbbdc7b3-eba9-419b-825d-9cd59e3d3038,101
user_0047,Detail_Reviewer,31c27229-6681-4c6d-aa75-481df687862d,97,0,0,6db9a9f9-f43a-41a9-9490-75ce3b09613f,101
user_0048,Loyal_Repurchase,3a398fdc-808b-4b87-b4f1-6e443877cc69,97,0,0,dbbdc7b3-eba9-419b-825d-9cd59e3d3038,101
user_0049,Anti_Aging,3a398fdc-808b-4b87-b4f1-6e443877cc69,97,0,0,de98a302-b47b-41e1-9478-13551f6aad27,99
user_0050,Loyal_Repurchase,3a398fdc-808b-4b87-b4f1-6e443877cc69,97,0,0,dbbdc7b3-eba9-419b-825d-9cd59e3d3038,101
user_0051,Detail_Reviewer,e35a93c1-5a93-45bc-ab97-2adcc97b81dc,97,0,0,6db9a9f9-f43a-41a9-9490-75ce3b09613f,101
user_0052,Detail_Reviewer,e35a93c1-5a93-45bc-ab97-2adcc97b81dc,97,0,0,6db9a9f9-f43a-41a9-9490-75ce3b09613f,101
user_0053,Sensitive_Calming,e35a93c1-5a93-45bc-ab97-2adcc97b81dc,97,0,1,e31df2d3-0e24-40e0-bb8b-3486005895b6,103
user_0054,Sensitive_Calming,04f9a2ec-a92c-476e-ae41-b2b4e2daf0df,97,0,1,e31df2d3-0e24-40e0-bb8b-3486005895b6,103
user_0055,Sensitive_Calming,04f9a2ec-a92c-476e-ae41-b2b4e2daf0df,97,0,1,e31df2d3-0e24-40e0-bb8b-3486005895b6,103
user_0056,Loyal_Repurchase,04f9a2ec-a92c-476e-ae41-b2b4e2daf0df,97,0,0,dbbdc7b3-eba9-419b-825d-9cd59e3d3038,101
user_0057,Dry_Winter,24dffa82-e49c-41ca-b464-e67709a8abe3,97,0,0,7d95061d-0d40-4902-a1d4-cc08c0993513,101
user_0058,Loyal_Repurchase,24dffa82-e49c-41ca-b464-e67709a8abe3,97,0,0,dbbdc7b3-eba9-419b-825d-9cd59e3d3038,101
user_0059,Loyal_Repurchase,24dffa82-e49c-41ca-b464-e67709a8abe3,97,0,0,dbbdc7b3-eba9-419b-825d-9cd59e3d3038,101
user_0060,Dry_Winter,0717342f-0008-4c23-956f-95914b6a0da3,98,1,1,7d95061d-0d40-4902-a1d4-cc08c0993513,101
user_0061,Detail_Reviewer,0717342f-0008-4c23-956f-95914b6a0da3,98,0,0,6db9a9f9-f43a-41a9-9490-75ce3b09613f,101
user_0062,Dry_Winter,0717342f-0008-4c23-956f-95914b6a0da3,98,1,1,7d95061d-0d40-4902-a1d4-cc08c0993513,101
user_0063,Anti_Aging,c83336bf-8adc-408e-98e6-8497662efbe4,98,0,0,de98a302-b47b-41e1-9478-13551f6aad27,99
user_0064,Dry_Winter,c83336bf-8adc-408e-98e6-8497662efbe4,98,0,1,7d95061d-0d40-4902-a1d4-cc08c0993513,101
user_0065,Loyal_Repurchase,c83336bf-8adc-408e-98e6-8497662efbe4,98,0,0,dbbdc7b3-eba9-419b-825d-9cd59e3d3038,101
user_0066,Dry_Winter,4346b39c-9b3a-492e-a413-8374a72d5851,98,1,1,7d95061d-0d40-4902-a1d4-cc08c0993513,101
user_0067,Detail_Reviewer,4346b39c-9b3a-492e-a413-8374a72d5851,98,0,0,6db9a9f9-f43a-41a9-9490-75ce3b09613f,101
user_0068,Dry_Winter,4346b39c-9b3a-492e-a413-8374a72d5851,98,1,1,7d95061d-0d40-4902-a1d4-cc08c0993513,101
user_0069,Dry_Winter,272d2ee5-6ff7-4a39-9afa-c09dafe1efef,98,1,1,7d95061d-0d40-4902-a1d4-cc08c0993513,101
user_0070,Sensitive_Calming,272d2ee5-6ff7-4a39-9afa-c09dafe1efef,98,0,0,e31df2d3-0e24-40e0-bb8b-3486005895b6,103
user_0071,Dry_Winter,272d2ee5-6ff7-4a39-9afa-c09dafe1efef,98,1,1,7d95061d-0d40-4902-a1d4-cc08c0993513,101
user_0072,Sensitive_Calming,5c8f1fa0-15f3-4726-aba6-d742ef81ad11,98,0,0,e31df2d3-0e24-40e0-bb8b-3486005895b6,103
user_0073,Detail_Reviewer,5c8f1fa0-15f3-4726-aba6-d742ef81ad11,98,0,0,6db9a9f9-f43a-41a9-9490-75ce3b09613f,101
user_0074,Detail_Reviewer,5c8f1fa0-15f3-4726-aba6-d742ef81ad11,98,0,0,6db9a9f9-f43a-41a9-9490-75ce3b09613f,101
user_0075,Detail_Reviewer,722a1bf1-04f1-4872-ab3d-1fcfd2ee1aa2,98,0,0,6db9a9f9-f43a-41a9-9490-75ce3b09613f,101
user_0076,Dry_Winter,722a1bf1-04f1-4872-ab3d-1fcfd2ee1aa2,98,0,1,7d95061d-0d40-4902-a1d4-cc08c0993513,101
user_0077,Dry_Winter,722a1bf1-04f1-4872-ab3d-1fcfd2ee1aa2,98,0,1,7d95061d-0d40-4902-a1d4-cc08c0993513,101
user_0078,Dry_Winter,0630deea-88f7-4a65-9856-95bbb0f9c448,98,0,1,7d95061d-0d40-4902-a1d4-cc08c0993513,101
user_0079,Dry_Winter,0630deea-88f7-4a65-9856-95bbb0f9c448,98,0,1,7d95061d-0d40-4902-a1d4-cc08c0993513,101
user_0080,Dry_Winter,0630deea-88f7-4a65-9856-95bbb0f9c448,98,0,1,7d95061d-0d40-4902-a1d4-cc08c0993513,101
user_0081,Sensitive_Calming,e97aea83-103e-4656-8972-d80e382e3fd3,98,0,0,e31df2d3-0e24-40e0-bb8b-3486005895b6,103
user_0082,Dry_Winter,e97aea83-103e-4656-8972-d80e382e3fd3,98,0,1,7d95061d-0d40-4902-a1d4-cc08c0993513,101
user_0083,Dry_Winter,e97aea83-103e-4656-8972-d80e382e3fd3,98,0,1,7d95061d-0d40-4902-a1d4-cc08c0993513,101
user_0084,Anti_Aging,cb4d2029-53bb-4cb7-8365-ef08e2ad6b0f,98,0,0,de98a302-b47b-41e1-9478-13551f6aad27,99
user_0085,Dry_Winter,cb4d2029-53bb-4cb7-8365-ef08e2ad6b0f,98,0,1,7d95061d-0d40-4902-a1d4-cc08c0993513,101
user_0086,Loyal_Repurchase,cb4d2029-53bb-4cb7-8365-ef08e2ad6b0f,98,0,0,dbbdc7b3-eba9-419b-825d-9cd59e3d3038,101
user_0087,Loyal_Repurchase,fbf5b88c-8d2f-4835-b1b9-80ba249a4d70,98,0,0,dbbdc7b3-eba9-419b-825d-9cd59e3d3038,101
user_0088,Loyal_Repurchase,fbf5b88c-8d2f-4835-b1b9-80ba249a4d70,98,0,0,dbbdc7b3-eba9-419b-825d-9cd59e3d3038,101
user_0089,Dry_Winter,b8efe2ec-2291-49e3-97de-e353003c2791,98,0,1,7d95061d-0d40-4902-a1d4-cc08c0993513,101
user_0090,Dry_Winter,b8efe2ec-2291-49e3-97de-e353003c2791,98,0,1,7d95061d-0d40-4902-a1d4-cc08c0993513,101
user_0091,Dry_Winter,b8efe2ec-2291-49e3-97de-e353003c2791,98,0,1,7d95061d-0d40-4902-a1d4-cc08c0993513,101
user_0092,Dry_Winter,8c772a28-6092-453c-b24c-7049c1497b4c,98,0,1,7d95061d-0d40-4902-a1d4-cc08c0993513,101
user_0093,Dry_Winter,8c772a28-6092-453c-b24c-7049c1497b4c,98,0,1,7d95061d-0d40-4902-a1d4-cc08c0993513,101
user_0094,Dry_Winter,8c772a28-6092-453c-b24c-7049c1497b4c,98,0,1,7d95061d-0d40-4902-a1d4-cc08c0993513,101
user_0095,Dry_Winter,f32e44f1-3dc5-4269-b824-9169c9d199e7,98,0,1,7d95061d-0d40-4902-a1d4-cc08c0993513,101
user_0096,Dry_Winter,f32e44f1-3dc5-4269-b824-9169c9d199e7,98,0,1,7d95061d-0d40-4902-a1d4-cc08c0993513,101
user_0097,Dry_Winter,f32e44f1-3dc5-4269-b824-9169c9d199e7,98,0,1,7d95061d-0d40-4902-a1d4-cc08c0993513,101
user_0098,Dry_Winter,6ed81f62-ffc6-4ff8-8af7-43c8e2247240,98,0,1,7d95061d-0d40-4902-a1d4-cc08c0993513,101
user_0099,Dry_Winter,6ed81f62-ffc6-4ff8-8af7-43c8e2247240,98,0,1,7d95061d-0d40-4902-a1d4-cc08c0993513,101
user_0100,Loyal_Repurchase,6ed81f62-ffc6-4ff8-8af7-43c8e2247240,98,0,0,dbbdc7b3-eba9-419b-825d-9cd59e3d3038,101
user_0101,Anti_Aging,e2da5036-be78-46a0-bc41-a092e0d74276,98,0,0,de98a302-b47b-41e1-9478-13551f6aad27,99
user_0102,Loyal_Repurchase,e2da5036-be78-46a0-bc41-a092e0d74276,98,0,0,dbbdc7b3-eba9-419b-825d-9cd59e3d3038,101
user_0103,Dry_Winter,e2da5036-be78-46a0-bc41-a092e0d74276,98,0,1,7d95061d-0d40-4902-a1d4-cc08c0993513,101
user_0104,Dry_Winter,2f18abe7-497c-449d-b559-4d7ed4e6bf5d,98,0,1,7d95061d-0d40-4902-a1d4-cc08c0993513,101
user_0105,Dry_Winter,2f18abe7-497c-449d-b559-4d7ed4e6bf5d,98,0,1,7d95061d-0d40-4902-a1d4-cc08c0993513,101
user_0106,Dry_Winter,2f18abe7-497c-449d-b559-4d7ed4e6bf5d,98,0,1,7d95061d-0d40-4902-a1d4-cc08c0993513,101
user_0107,Detail_Reviewer,36eb44db-2d6c-4ca0-94b3-cbc00fa7e064,98,0,0,6db9a9f9-f43a-41a9-9490-75ce3b09613f,101
user_0108,Dry_Winter,36eb44db-2d6c-4ca0-94b3-cbc00fa7e064,98,0,1,7d95061d-0d40-4902-a1d4-cc08c0993513,101
user_0109,Loyal_Repurchase,36eb44db-2d6c-4ca0-94b3-cbc00fa7e064,98,0,0,dbbdc7b3-eba9-419b-825d-9cd59e3d3038,101
user_0110,Detail_Reviewer,e23a12d1-dd1d-4420-a02b-cce866d4e13c,98,0,0,6db9a9f9-f43a-41a9-9490-75ce3b09613f,101
user_0111,Sensitive_Calming,e23a12d1-dd1d-4420-a02b-cce866d4e13c,98,0,0,e31df2d3-0e24-40e0-bb8b-3486005895b6,103
user_0112,Sensitive_Calming,e23a12d1-dd1d-4420-a02b-cce866d4e13c,98,0,0,e31df2d3-0e24-40e0-bb8b-3486005895b6,103
user_0113,Anti_Aging,bd81506b-b5a1-436a-8332-7164273c3e03,98,0,0,de98a302-b47b-41e1-9478-13551f6aad27,99
user_0114,Loyal_Repurchase,bd81506b-b5a1-436a-8332-7164273c3e03,98,0,0,dbbdc7b3-eba9-419b-825d-9cd59e3d3038,101
user_0115,Sensitive_Calming,bd81506b-b5a1-436a-8332-7164273c3e03,98,0,0,e31df2d3-0e24-40e0-bb8b-3486005895b6,103
user_0116,Loyal_Repurchase,f1ec9f01-df43-4e18-9442-8c252d092d24,98,0,0,dbbdc7b3-eba9-419b-825d-9cd59e3d3038,101
user_0117,Dry_Winter,f1ec9f01-df43-4e18-9442-8c252d092d24,98,0,1,7d95061d-0d40-4902-a1d4-cc08c0993513,101
user_0118,Dry_Winter,f1ec9f01-df43-4e18-9442-8c252d092d24,98,0,1,7d95061d-0d40-4902-a1d4-cc08c0993513,101
user_0119,Detail_Reviewer,44faf4b2-81d3-43e9-8234-ad8ec73d3089,99,0,0,6db9a9f9-f43a-41a9-9490-75ce3b09613f,101
user_0120,Loyal_Repurchase,44faf4b2-81d3-43e9-8234-ad8ec73d3089,99,0,0,dbbdc7b3-eba9-419b-825d-9cd59e3d3038,101
user_0121,Loyal_Repurchase,44faf4b2-81d3-43e9-8234-ad8ec73d3089,99,0,0,dbbdc7b3-eba9-419b-825d-9cd59e3d3038,101
user_0122,Loyal_Repurchase,471e92d7-8034-4295-987f-abea4f2cec66,99,0,0,dbbdc7b3-eba9-419b-825d-9cd59e3d3038,101
user_0123,Anti_Aging,471e92d7-8034-4295-987f-abea4f2cec66,99,0,1,de98a302-b47b-41e1-9478-13551f6aad27,99
user_0124,Loyal_Repurchase,471e92d7-8034-4295-987f-abea4f2cec66,99,0,0,dbbdc7b3-eba9-419b-825d-9cd59e3d3038,101
user_0125,Loyal_Repurchase,b85fd37f-a573-41e5-93cb-35d9f5ebcfca,99,0,0,dbbdc7b3-eba9-419b-825d-9cd59e3d3038,101
user_0126,Loyal_Repurchase,b85fd37f-a573-41e5-93cb-35d9f5ebcfca,99,0,0,dbbdc7b3-eba9-419b-825d-9cd59e3d3038,101
user_0127,Loyal_Repurchase,b85fd37f-a573-41e5-93cb-35d9f5ebcfca,99,0,0,dbbdc7b3-eba9-419b-825d-9cd59e3d3038,101
user_0128,Detail_Reviewer,9c1cc0da-d943-4f71-a725-d79c44f7817d,99,0,0,6db9a9f9-f43a-41a9-9490-75ce3b09613f,101
user_0129,Detail_Reviewer,9c1cc0da-d943-4f71-a725-d79c44f7817d,99,0,0,6db9a9f9-f43a-41a9-9490-75ce3b09613f,101
user_0130,Loyal_Repurchase,9c1cc0da-d943-4f71-a725-d79c44f7817d,99,0,0,dbbdc7b3-eba9-419b-825d-9cd59e3d3038,101
user_0131,Anti_Aging,de98a302-b47b-41e1-9478-13551f6aad27,99,1,1,de98a302-b47b-41e1-9478-13551f6aad27,99
user_0132,Anti_Aging,de98a302-b47b-41e1-9478-13551f6aad27,99,1,1,de98a302-b47b-41e1-9478-13551f6aad27,99
user_0133,Anti_Aging,de98a302-b47b-41e1-9478-13551f6aad27,99,1,1,de98a302-b47b-41e1-9478-13551f6aad27,99
user_0134,Dry_Winter,50c84531-e27d-4ec7-b5eb-9e9d00031170,99,0,0,7d95061d-0d40-4902-a1d4-cc08c0993513,101
user_0135,Dry_Winter,50c84531-e27d-4ec7-b5eb-9e9d00031170,99,0,0,7d95061d-0d40-4902-a1d4-cc08c0993513,101
user_0136,Loyal_Repurchase,50c84531-e27d-4ec7-b5eb-9e9d00031170,99,0,0,dbbdc7b3-eba9-419b-825d-9cd59e3d3038,101
user_0137,Dry_Winter,0d1dfbf0-0c97-4bef-a907-20fef8a1319b,99,0,0,7d95061d-0d40-4902-a1d4-cc08c0993513,101
user_0138,Dry_Winter,0d1dfbf0-0c97-4bef-a907-20fef8a1319b,99,0,0,7d95061d-0d40-4902-a1d4-cc08c0993513,101
user_0139,Loyal_Repurchase,0d1dfbf0-0c97-4bef-a907-20fef8a1319b,99,0,0,21c52f80-82d4-4ac4-83d8-6c390cf253b0,101
user_0140,Dry_Winter,84fa25a0-613e-4e44-b116-17bc47d40b5d,99,0,0,7d95061d-0d40-4902-a1d4-cc08c0993513,101
user_0141,Loyal_Repurchase,84fa25a0-613e-4e44-b116-17bc47d40b5d,99,0,0,dbbdc7b3-eba9-419b-825d-9cd59e3d3038,101
user_0142,Sensitive_Calming,bb1d047a-eda7-48ac-b8fb-a15bf49c5ab4,99,0,0,e31df2d3-0e24-40e0-bb8b-3486005895b6,103
user_0143,Loyal_Repurchase,bb1d047a-eda7-48ac-b8fb-a15bf49c5ab4,99,0,0,dbbdc7b3-eba9-419b-825d-9cd59e3d3038,101
user_0144,Loyal_Repurchase,bb1d047a-eda7-48ac-b8fb-a15bf49c5ab4,99,0,0,dbbdc7b3-eba9-419b-825d-9cd59e3d3038,101
user_0145,Loyal_Repurchase,2e566bb3-e7bd-45c8-b09b-89e7d6eddae9,99,0,0,dbbdc7b3-eba9-419b-825d-9cd59e3d3038,101
user_0146,Loyal_Repurchase,2e566bb3-e7bd-45c8-b09b-89e7d6eddae9,99,0,0,dbbdc7b3-eba9-419b-825d-9cd59e3d3038,101
user_0147,Loyal_Repurchase,2e566bb3-e7bd-45c8-b09b-89e7d6eddae9,99,0,0,dbbdc7b3-eba9-419b-825d-9cd59e3d3038,101
user_0148,Loyal_Repurchase,b970cf07-cc21-4baf-8fd8-fd1fd2bcae79,99,0,0,dbbdc7b3-eba9-419b-825d-9cd59e3d3038,101
user_0149,Loyal_Repurchase,b970cf07-cc21-4baf-8fd8-fd1fd2bcae79,99,0,0,dbbdc7b3-eba9-419b-825d-9cd59e3d3038,101
user_0150,Loyal_Repurchase,b970cf07-cc21-4baf-8fd8-fd1fd2bcae79,99,0,0,dbbdc7b3-eba9-419b-825d-9cd59e3d3038,101
user_0151,Sensitive_Calming,dd046a70-3f1c-410d-9b08-0cd20746bcda,99,0,0,e31df2d3-0e24-40e0-bb8b-3486005895b6,103
user_0152,Anti_Aging,dd046a70-3f1c-410d-9b08-0cd20746bcda,99,0,1,de98a302-b47b-41e1-9478-13551f6aad27,99
user_0153,Anti_Aging,dd046a70-3f1c-410d-9b08-0cd20746bcda,99,0,1,de98a302-b47b-41e1-9478-13551f6aad27,99
user_0154,Loyal_Repurchase,21cc62fd-5545-4ab7-b1ca-204745892d60,99,0,0,dbbdc7b3-eba9-419b-825d-9cd59e3d3038,101
user_0155,Dry_Winter,21cc62fd-5545-4ab7-b1ca-204745892d60,99,0,0,7d95061d-0d40-4902-a1d4-cc08c0993513,101
user_0156,Dry_Winter,21cc62fd-5545-4ab7-b1ca-204745892d60,99,0,0,7d95061d-0d40-4902-a1d4-cc08c0993513,101
user_0157,Loyal_Repurchase,21c52f80-82d4-4ac4-83d8-6c390cf253b0,101,1,1,dbbdc7b3-eba9-419b-825d-9cd59e3d3038,101
user_0158,Loyal_Repurchase,21c52f80-82d4-4ac4-83d8-6c390cf253b0,101,1,1,dbbdc7b3-eba9-419b-825d-9cd59e3d3038,101
user_0159,Loyal_Repurchase,21c52f80-82d4-4ac4-83d8-6c390cf253b0,101,1,1,dbbdc7b3-eba9-419b-825d-9cd59e3d3038,101
user_0160,Dry_Winter,78ece135-b4b5-48ac-945b-0f1694b8046f,101,0,1,7d95061d-0d40-4902-a1d4-cc08c0993513,101
user_0161,Loyal_Repurchase,78ece135-b4b5-48ac-945b-0f1694b8046f,101,0,1,dbbdc7b3-eba9-419b-825d-9cd59e3d3038,101
user_0162,Loyal_Repurchase,78ece135-b4b5-48ac-945b-0f1694b8046f,101,0,1,dbbdc7b3-eba9-419b-825d-9cd59e3d3038,101
user_0163,Detail_Reviewer,a4d6ee4a-bdec-4c3a-8363-cb42096b1cf9,101,0,1,6db9a9f9-f43a-41a9-9490-75ce3b09613f,101
user_0164,Detail_Reviewer,a4d6ee4a-bdec-4c3a-8363-cb42096b1cf9,101,0,1,6db9a9f9-f43a-41a9-9490-75ce3b09613f,101
user_0165,Detail_Reviewer,a4d6ee4a-bdec-4c3a-8363-cb42096b1cf9,101,0,1,6db9a9f9-f43a-41a9-9490-75ce3b09613f,101
user_0166,Loyal_Repurchase,c2c43c5e-8362-482e-8d76-f5a13f0a938b,101,0,1,21c52f80-82d4-4ac4-83d8-6c390cf253b0,101
user_0167,Dry_Winter,c2c43c5e-8362-482e-8d76-f5a13f0a938b,101,0,1,7d95061d-0d40-4902-a1d4-cc08c0993513,101
user_0168,Loyal_Repurchase,c2c43c5e-8362-482e-8d76-f5a13f0a938b,101,0,1,21c52f80-82d4-4ac4-83d8-6c390cf253b0,101
user_0169,Loyal_Repurchase,5a7614e6-8b71-4849-a21a-949643f51682,101,1,1,dbbdc7b3-eba9-419b-825d-9cd59e3d3038,101
user_0170,Loyal_Repurchase,5a7614e6-8b71-4849-a21a-949643f51682,101,1,1,dbbdc7b3-eba9-419b-825d-9cd59e3d3038,101
user_0171,Loyal_Repurchase,5a7614e6-8b71-4849-a21a-949643f51682,101,1,1,dbbdc7b3-eba9-419b-825d-9cd59e3d3038,101
user_0172,Dry_Winter,7d95061d-0d40-4902-a1d4-cc08c0993513,101,1,1,7d95061d-0d40-4902-a1d4-cc08c0993513,101
user_0173,Dry_Winter,7d95061d-0d40-4902-a1d4-cc08c0993513,101,1,1,7d95061d-0d40-4902-a1d4-cc08c0993513,101
user_0174,Dry_Winter,7d95061d-0d40-4902-a1d4-cc08c0993513,101,1,1,7d95061d-0d40-4902-a1d4-cc08c0993513,101
user_0175,Detail_Reviewer,2ea7ede6-3706-4ee2-b48e-3341b745dc06,101,0,1,6db9a9f9-f43a-41a9-9490-75ce3b09613f,101
user_0176,Loyal_Repurchase,2ea7ede6-3706-4ee2-b48e-3341b745dc06,101,1,1,dbbdc7b3-eba9-419b-825d-9cd59e3d3038,101
user_0177,Loyal_Repurchase,2ea7ede6-3706-4ee2-b48e-3341b745dc06,101,1,1,dbbdc7b3-eba9-419b-825d-9cd59e3d3038,101
user_0178,Detail_Reviewer,dc281cf9-a183-4a4d-a7b9-c26c534af33b,101,0,1,6db9a9f9-f43a-41a9-9490-75ce3b09613f,101
user_0179,Detail_Reviewer,dc281cf9-a183-4a4d-a7b9-c26c534af33b,101,0,1,6db9a9f9-f43a-41a9-9490-75ce3b09613f,101
user_0180,Loyal_Repurchase,dc281cf9-a183-4a4d-a7b9-c26c534af33b,101,0,1,dbbdc7b3-eba9-419b-825d-9cd59e3d3038,101
user_0181,Detail_Reviewer,bc6d9d8d-3302-4fb0-91b8-dc0c5f39530d,101,0,1,6db9a9f9-f43a-41a9-9490-75ce3b09613f,101
user_0182,Sensitive_Calming,bc6d9d8d-3302-4fb0-91b8-dc0c5f39530d,101,0,0,e31df2d3-0e24-40e0-bb8b-3486005895b6,103
user_0183,Detail_Reviewer,bc6d9d8d-3302-4fb0-91b8-dc0c5f39530d,101,0,1,6db9a9f9-f43a-41a9-9490-75ce3b09613f,101
user_0184,Detail_Reviewer,6db9a9f9-f43a-41a9-9490-75ce3b09613f,101,1,1,6db9a9f9-f43a-41a9-9490-75ce3b09613f,101
user_0185,Detail_Reviewer,6db9a9f9-f43a-41a9-9490-75ce3b09613f,101,1,1,6db9a9f9-f43a-41a9-9490-75ce3b09613f,101
user_0186,Detail_Reviewer,6db9a9f9-f43a-41a9-9490-75ce3b09613f,101,1,1,6db9a9f9-f43a-41a9-9490-75ce3b09613f,101
user_0187,Detail_Reviewer,ba2ef072-28be-4303-8778-e34eb05383a9,101,1,1,6db9a9f9-f43a-41a9-9490-75ce3b09613f,101
user_0188,Detail_Reviewer,ba2ef072-28be-4303-8778-e34eb05383a9,101,1,1,6db9a9f9-f43a-41a9-9490-75ce3b09613f,101
user_0189,Detail_Reviewer,ba2ef072-28be-4303-8778-e34eb05383a9,101,1,1,6db9a9f9-f43a-41a9-9490-75ce3b09613f,101
user_0190,Loyal_Repurchase,1c4b68bd-55f9-47d7-a564-ff6f5baf7e20,101,1,1,dbbdc7b3-eba9-419b-825d-9cd59e3d3038,101
user_0191,Loyal_Repurchase,1c4b68bd-55f9-47d7-a564-ff6f5baf7e20,101,1,1,dbbdc7b3-eba9-419b-825d-9cd59e3d3038,101
user_0192,Loyal_Repurchase,1c4b68bd-55f9-47d7-a564-ff6f5baf7e20,101,1,1,dbbdc7b3-eba9-419b-825d-9cd59e3d3038,101
user_0193,Dry_Winter,b33500e8-a760-4720-b493-38bec0afc7d3,101,0,1,7d95061d-0d40-4902-a1d4-cc08c0993513,101
user_0194,Loyal_Repurchase,b33500e8-a760-4720-b493-38bec0afc7d3,101,0,1,dbbdc7b3-eba9-419b-825d-9cd59e3d3038,101
user_0195,Sensitive_Calming,b33500e8-a760-4720-b493-38bec0afc7d3,101,0,0,e31df2d3-0e24-40e0-bb8b-3486005895b6,103
user_0196,Detail_Reviewer,d01c7109-f0cc-4757-9a2b-d48718da3ea9,101,1,1,6db9a9f9-f43a-41a9-9490-75ce3b09613f,101
user_0197,Loyal_Repurchase,d01c7109-f0cc-4757-9a2b-d48718da3ea9,101,0,1,dbbdc7b3-eba9-419b-825d-9cd59e3d3038,101
user_0198,Loyal_Repurchase,d01c7109-f0cc-4757-9a2b-d48718da3ea9,101,0,1,dbbdc7b3-eba9-419b-825d-9cd59e3d3038,101
user_0199,Detail_Reviewer,3d5b008a-1c75-442a-9a29-5801d6babcd3,101,0,1,6db9a9f9-f43a-41a9-9490-75ce3b09613f,101
user_0200,Sensitive_Calming,3d5b008a-1c75-442a-9a29-5801d6babcd3,101,0,0,e31df2d3-0e24-40e0-bb8b-3486005895b6,103
user_0201,Detail_Reviewer,3d5b008a-1c75-442a-9a29-5801d6babcd3,101,0,1,6db9a9f9-f43a-41a9-9490-75ce3b09613f,101
user_0202,Loyal_Repurchase,dbbdc7b3-eba9-419b-825d-9cd59e3d3038,101,1,1,dbbdc7b3-eba9-419b-825d-9cd59e3d3038,101
user_0203,Loyal_Repurchase,dbbdc7b3-eba9-419b-825d-9cd59e3d3038,101,1,1,dbbdc7b3-eba9-419b-825d-9cd59e3d3038,101
user_0204,Loyal_Repurchase,dbbdc7b3-eba9-419b-825d-9cd59e3d3038,101,1,1,dbbdc7b3-eba9-419b-825d-9cd59e3d3038,101
user_0205,Detail_Reviewer,353b36d6-b64f-4952-97bd-9d9df9c7e37c,101,1,1,6db9a9f9-f43a-41a9-9490-75ce3b09613f,101
user_0206,Loyal_Repurchase,353b36d6-b64f-4952-97bd-9d9df9c7e37c,101,0,1,dbbdc7b3-eba9-419b-825d-9cd59e3d3038,101
user_0207,Detail_Reviewer,353b36d6-b64f-4952-97bd-9d9df9c7e37c,101,1,1,6db9a9f9-f43a-41a9-9490-75ce3b09613f,101
user_0208,Detail_Reviewer,7a29ba3c-f89f-4893-88f2-7cf5750d2f23,101,1,1,6db9a9f9-f43a-41a9-9490-75ce3b09613f,101
user_0209,Detail_Reviewer,7a29ba3c-f89f-4893-88f2-7cf5750d2f23,101,1,1,6db9a9f9-f43a-41a9-9490-75ce3b09613f,101
user_0210,Detail_Reviewer,7a29ba3c-f89f-4893-88f2-7cf5750d2f23,101,1,1,6db9a9f9-f43a-41a9-9490-75ce3b09613f,101
user_0211,Dry_Winter,81d2b6ef-daf6-46f4-8f19-43d75d598f14,101,0,1,7d95061d-0d40-4902-a1d4-cc08c0993513,101
user_0212,Sensitive_Calming,81d2b6ef-daf6-46f4-8f19-43d75d598f14,101,0,0,e31df2d3-0e24-40e0-bb8b-3486005895b6,103
user_0213,Loyal_Repurchase,81d2b6ef-daf6-46f4-8f19-43d75d598f14,101,0,1,dbbdc7b3-eba9-419b-825d-9cd59e3d3038,101
user_0214,Anti_Aging,3ff8ea17-0f74-4233-8c98-5d1153484c86,101,0,0,de98a302-b47b-41e1-9478-13551f6aad27,99
user_0215,Detail_Reviewer,3ff8ea17-0f74-4233-8c98-5d1153484c86,101,0,1,6db9a9f9-f43a-41a9-9490-75ce3b09613f,101
user_0216,Detail_Reviewer,3ff8ea17-0f74-4233-8c98-5d1153484c86,101,0,1,6db9a9f9-f43a-41a9-9490-75ce3b09613f,101
user_0217,Sensitive_Calming,107906b2-837c-47cc-9ab6-6ede2970fc00,103,0,1,e31df2d3-0e24-40e0-bb8b-3486005895b6,103
user_0218,Detail_Reviewer,107906b2-837c-47cc-9ab6-6ede2970fc00,103,0,0,6db9a9f9-f43a-41a9-9490-75ce3b09613f,101
user_0219,Loyal_Repurchase,107906b2-837c-47cc-9ab6-6ede2970fc00,103,0,0,21c52f80-82d4-4ac4-83d8-6c390cf253b0,101
user_0220,Detail_Reviewer,ec927f9f-1011-4b83-88cd-9f4a8030a49e,103,0,0,6db9a9f9-f43a-41a9-9490-75ce3b09613f,101
user_0221,Sensitive_Calming,ec927f9f-1011-4b83-88cd-9f4a8030a49e,103,0,1,e31df2d3-0e24-40e0-bb8b-3486005895b6,103
user_0222,Detail_Reviewer,ec927f9f-1011-4b83-88cd-9f4a8030a49e,103,0,0,6db9a9f9-f43a-41a9-9490-75ce3b09613f,101
user_0223,Loyal_Repurchase,03576e7c-2fa0-4c45-96bf-a877f69c4024,103,0,0,dbbdc7b3-eba9-419b-825d-9cd59e3d3038,101
user_0224,Loyal_Repurchase,03576e7c-2fa0-4c45-96bf-a877f69c4024,103,0,0,21c52f80-82d4-4ac4-83d8-6c390cf253b0,101
user_0225,Detail_Reviewer,03576e7c-2fa0-4c45-96bf-a877f69c4024,103,0,0,6db9a9f9-f43a-41a9-9490-75ce3b09613f,101
user_0226,Loyal_Repurchase,8cc8b46b-7d5a-49b8-a6d6-41387184b6a6,103,0,0,dbbdc7b3-eba9-419b-825d-9cd59e3d3038,101
user_0227,Anti_Aging,8cc8b46b-7d5a-49b8-a6d6-41387184b6a6,103,0,0,de98a302-b47b-41e1-9478-13551f6aad27,99
user_0228,Loyal_Repurchase,8cc8b46b-7d5a-49b8-a6d6-41387184b6a6,103,0,0,dbbdc7b3-eba9-419b-825d-9cd59e3d3038,101
user_0229,Detail_Reviewer,25924099-9230-4c20-85d8-736edd6234ee,103,0,0,6db9a9f9-f43a-41a9-9490-75ce3b09613f,101
user_0230,Loyal_Repurchase,25924099-9230-4c20-85d8-736edd6234ee,103,0,0,dbbdc7b3-eba9-419b-825d-9cd59e3d3038,101
user_0231,Loyal_Repurchase,25924099-9230-4c20-85d8-736edd6234ee,103,0,0,dbbdc7b3-eba9-419b-825d-9cd59e3d3038,101
user_0232,Loyal_Repurchase,fe993d3e-1689-4243-997b-885a357a32df,103,0,0,21c52f80-82d4-4ac4-83d8-6c390cf253b0,101
user_0233,Loyal_Repurchase,fe993d3e-1689-4243-997b-885a357a32df,103,0,0,21c52f80-82d4-4ac4-83d8-6c390cf253b0,101
user_0234,Sensitive_Calming,fe993d3e-1689-4243-997b-885a357a32df,103,0,1,e31df2d3-0e24-40e0-bb8b-3486005895b6,103
user_0235,Sensitive_Calming,6962fce8-310e-4707-8fff-f95d0fceccd7,103,0,1,e31df2d3-0e24-40e0-bb8b-3486005895b6,103
user_0236,Loyal_Repurchase,6962fce8-310e-4707-8fff-f95d0fceccd7,103,0,0,21c52f80-82d4-4ac4-83d8-6c390cf253b0,101
user_0237,Detail_Reviewer,6962fce8-310e-4707-8fff-f95d0fceccd7,103,0,0,6db9a9f9-f43a-41a9-9490-75ce3b09613f,101
user_0238,Loyal_Repurchase,8dab6d7a-8ad9-4c30-9b98-71d99edd7b24,103,0,0,dbbdc7b3-eba9-419b-825d-9cd59e3d3038,101
user_0239,Detail_Reviewer,8dab6d7a-8ad9-4c30-9b98-71d99edd7b24,103,0,0,6db9a9f9-f43a-41a9-9490-75ce3b09613f,101
user_0240,Dry_Winter,8dab6d7a-8ad9-4c30-9b98-71d99edd7b24,103,0,0,7d95061d-0d40-4902-a1d4-cc08c0993513,101
user_0241,Sensitive_Calming,4c732625-5257-4340-81e3-ae6e5b89ffed,103,0,1,e31df2d3-0e24-40e0-bb8b-3486005895b6,103
user_0242,Loyal_Repurchase,4c732625-5257-4340-81e3-ae6e5b89ffed,103,0,0,dbbdc7b3-eba9-419b-825d-9cd59e3d3038,101
user_0243,Loyal_Repurchase,4c732625-5257-4340-81e3-ae6e5b89ffed,103,0,0,21c52f80-82d4-4ac4-83d8-6c390cf253b0,101
user_0244,Loyal_Repurchase,6d282377-ecc9-4a16-a8fd-b55e55ead9ce,103,0,0,dbbdc7b3-eba9-419b-825d-9cd59e3d3038,101
user_0245,Detail_Reviewer,6d282377-ecc9-4a16-a8fd-b55e55ead9ce,103,0,0,6db9a9f9-f43a-41a9-9490-75ce3b09613f,101
user_0246,Detail_Reviewer,6d282377-ecc9-4a16-a8fd-b55e55ead9ce,103,0,0,6db9a9f9-f43a-41a9-9490-75ce3b09613f,101
user_0247,Loyal_Repurchase,8f155a3f-4dcc-411c-924d-7cb332ea7df1,103,0,0,dbbdc7b3-eba9-419b-825d-9cd59e3d3038,101
user_0248,Loyal_Repurchase,8f155a3f-4dcc-411c-924d-7cb332ea7df1,103,0,0,21c52f80-82d4-4ac4-83d8-6c390cf253b0,101
user_0249,Dry_Winter,8f155a3f-4dcc-411c-924d-7cb332ea7df1,103,0,0,7d95061d-0d40-4902-a1d4-cc08c0993513,101
user_0250,Loyal_Repurchase,f1e69727-c3aa-4e81-9c38-30ed1b1269ac,103,0,0,21c52f80-82d4-4ac4-83d8-6c390cf253b0,101
user_0251,Loyal_Repurchase,f1e69727-c3aa-4e81-9c38-30ed1b1269ac,103,0,0,dbbdc7b3-eba9-419b-825d-9cd59e3d3038,101
user_0252,Gift_Buyer,f1e69727-c3aa-4e81-9c38-30ed1b1269ac,103,1,1,9edbadf6-2b9c-4f55-9a1d-62b2dd12334d,97
user_0253,Sensitive_Calming,5445e6b2-0419-4121-9d32-93f31b025c13,103,0,1,e31df2d3-0e24-40e0-bb8b-3486005895b6,103
user_0254,Dry_Winter,5445e6b2-0419-4121-9d32-93f31b025c13,103,0,0,7d95061d-0d40-4902-a1d4-cc08c0993513,101
user_0255,Sensitive_Calming,5445e6b2-0419-4121-9d32-93f31b025c13,103,0,1,e31df2d3-0e24-40e0-bb8b-3486005895b6,103
user_0256,Detail_Reviewer,b87e66c7-387e-44e8-a8f8-7ce484c25768,103,0,0,6db9a9f9-f43a-41a9-9490-75ce3b09613f,101
user_0257,Sensitive_Calming,b87e66c7-387e-44e8-a8f8-7ce484c25768,103,1,1,e31df2d3-0e24-40e0-bb8b-3486005895b6,103
user_0258,Loyal_Repurchase,b87e66c7-387e-44e8-a8f8-7ce484c25768,103,0,0,dbbdc7b3-eba9-419b-825d-9cd59e3d3038,101
user_0259,Sensitive_Calming,e31df2d3-0e24-40e0-bb8b-3486005895b6,103,1,1,e31df2d3-0e24-40e0-bb8b-3486005895b6,103
user_0260,Sensitive_Calming,e31df2d3-0e24-40e0-bb8b-3486005895b6,103,1,1,e31df2d3-0e24-40e0-bb8b-3486005895b6,103
user_0261,Sensitive_Calming,e31df2d3-0e24-40e0-bb8b-3486005895b6,103,1,1,e31df2d3-0e24-40e0-bb8b-3486005895b6,103
user_0262,Anti_Aging,20a620b4-5285-4a3e-95a0-c04313290048,103,0,0,de98a302-b47b-41e1-9478-13551f6aad27,99
user_0263,Detail_Reviewer,20a620b4-5285-4a3e-95a0-c04313290048,103,0,0,6db9a9f9-f43a-41a9-9490-75ce3b09613f,101
user_0264,Dry_Winter,20a620b4-5285-4a3e-95a0-c04313290048,103,0,0,7d95061d-0d40-4902-a1d4-cc08c0993513,101
user_0265,Sensitive_Calming,fefe2a9d-b240-4a3e-9679-0d3bb0cb6302,103,0,1,e31df2d3-0e24-40e0-bb8b-3486005895b6,103
user_0266,Loyal_Repurchase,fefe2a9d-b240-4a3e-9679-0d3bb0cb6302,103,0,0,dbbdc7b3-eba9-419b-825d-9cd59e3d3038,101
user_0267,Loyal_Repurchase,fefe2a9d-b240-4a3e-9679-0d3bb0cb6302,103,0,0,dbbdc7b3-eba9-419b-825d-9cd59e3d3038,101
user_0268,Loyal_Repurchase,a298c2b2-faf3-47c9-878b-1732f832dbb2,103,0,0,dbbdc7b3-eba9-419b-825d-9cd59e3d3038,101
user_0269,Anti_Aging,a298c2b2-faf3-47c9-878b-1732f832dbb2,103,0,0,de98a302-b47b-41e1-9478-13551f6aad27,99
user_0270,Sensitive_Calming,a298c2b2-faf3-47c9-878b-1732f832dbb2,103,0,1,e31df2d3-0e24-40e0-bb8b-3486005895b6,103
user_0271,Sensitive_Calming,9326f870-90b2-44eb-bfab-257b937b26c4,103,0,1,e31df2d3-0e24-40e0-bb8b-3486005895b6,103
user_0272,Loyal_Repurchase,9326f870-90b2-44eb-bfab-257b937b26c4,103,0,0,dbbdc7b3-eba9-419b-825d-9cd59e3d3038,101
user_0273,Sensitive_Calming,9326f870-90b2-44eb-bfab-257b937b26c4,103,0,1,e31df2d3-0e24-40e0-bb8b-3486005895b6,103
user_0274,Sensitive_Calming,ef442be9-017c-496f-ae65-601034cf2594,103,0,1,e31df2d3-0e24-40e0-bb8b-3486005895b6,103
user_0275,Detail_Reviewer,ef442be9-017c-496f-ae65-601034cf2594,103,0,0,6db9a9f9-f43a-41a9-9490-75ce3b09613f,101
user_0276,Loyal_Repurchase,ef442be9-017c-496f-ae65-601034cf2594,103,0,0,dbbdc7b3-eba9-419b-825d-9cd59e3d3038,101
